H,samples_per_path,baseline_p50_ms,vshard2_p2_p50_ms,vshard4_p1_p50_ms,vshard4_p2_p50_ms,vshard2_p2_over_vshard4_p2_p50_x,vshard4_p2_faster_than_vshard2_p2,vshard2_p2_p95_ms,vshard4_p2_p95_ms,vshard2_p2_p99_ms,vshard4_p2_p99_ms,extension_sha256,source_json,source_json_sha256
1,500,0.7488960027694702,0.5498560070991516,0.5497599840164185,0.48633599281311035,1.1306093220010776,True,0.5517455846071243,0.49057759493589403,0.5577625602483749,0.4941913604736328,8f8cb97077d2496834d065c7cc1e39980e14e1f9b1665cdfd3aa8ae2dfe3e005,c1_vshard4_p2_b300_sm103a_hs_full_r1_h1_bf16_cyclic.json,733fbba40e9474824d1da734bf4740315a78c5f51a0d7ad9ad53c4de2869207c
2,500,0.7542719841003418,0.5573440194129944,0.5570720136165619,0.4933599978685379,1.1296903312406488,True,0.5633008182048798,0.4978416129946709,0.5779350596666336,0.5113423746824264,8f8cb97077d2496834d065c7cc1e39980e14e1f9b1665cdfd3aa8ae2dfe3e005,c1_vshard4_p2_b300_sm103a_hs_full_r1_h2_bf16_cyclic.json,734a8cfc5601364c92190494f885a2828b814f09edd76559de2b21303a8cc9bc
3,500,0.7592639923095703,0.5596479773521423,0.5613600015640259,0.5000640153884888,1.1191526687185522,True,0.5641023755073548,0.5032352030277252,0.5742566686868668,0.5112390428781509,8f8cb97077d2496834d065c7cc1e39980e14e1f9b1665cdfd3aa8ae2dfe3e005,c1_vshard4_p2_b300_sm103a_hs_full_r1_h3_bf16_cyclic.json,fe0a19746d1de19a42f29ec0468c569cafaa94d17705cd522f09064e40cc41d3
4,500,0.760239988565445,0.563103973865509,0.5651519894599915,0.5040000081062317,1.1172697714457567,True,0.565484806895256,0.5075808256864548,0.5711680054664612,0.5117677021026611,8f8cb97077d2496834d065c7cc1e39980e14e1f9b1665cdfd3aa8ae2dfe3e005,c1_vshard4_p2_b300_sm103a_hs_full_r1_h4_bf16_cyclic.json,ea148fe9771d94ebcec29e5f79037a8756070be7f7a9715e0e77c0e7d6c8176f
5,500,0.765887975692749,0.5693119764328003,0.5688959956169128,0.5076319873332977,1.121505324011438,True,0.583556804060936,0.5209711760282516,0.5877872049808502,0.5251299399137497,8f8cb97077d2496834d065c7cc1e39980e14e1f9b1665cdfd3aa8ae2dfe3e005,c1_vshard4_p2_b300_sm103a_hs_full_r1_h5_bf16_cyclic.json,42b8872a02adaeb76a3043f0c4ca13d4a1665d75c6974fbcee89364bb8ecb326
6,500,0.7731199860572815,0.5735199749469757,0.5729280114173889,0.5103999972343445,1.1236676686023774,True,0.5853808164596558,0.5228688091039657,0.5939523202180862,0.5311785441637039,8f8cb97077d2496834d065c7cc1e39980e14e1f9b1665cdfd3aa8ae2dfe3e005,c1_vshard4_p2_b300_sm103a_hs_full_r1_h6_bf16_cyclic.json,0b8ddf7ab60c70cb7e5da1155dfc146aa9b535cef097a428653221305ddbf2fd
7,500,0.7781760096549988,0.5788800120353699,0.5766240060329437,0.5148159861564636,1.1244406304419534,True,0.5922896176576614,0.5281679779291153,0.5974448043107986,0.5316847878694534,8f8cb97077d2496834d065c7cc1e39980e14e1f9b1665cdfd3aa8ae2dfe3e005,c1_vshard4_p2_b300_sm103a_hs_full_r1_h7_bf16_cyclic.json,fd60e194680c2c8b8f2fadc1e9145b3e4b120ad44e26e972762f0cd444906df1
8,500,0.7848159968852997,0.5815840065479279,0.5795199871063232,0.5181760191917419,1.1223676608097197,True,0.5872063875198364,0.523905622959137,0.5973836612701415,0.5287091076374054,8f8cb97077d2496834d065c7cc1e39980e14e1f9b1665cdfd3aa8ae2dfe3e005,c1_vshard4_p2_b300_sm103a_hs_full_r1_h8_bf16_cyclic.json,9b2b8a8e4f83b26ff23abd482914dfbd12edf3ae0290eb4ff8d374bc200edbc7
9,500,0.8112159967422485,0.6124639809131622,0.6105439960956573,0.545712023973465,1.1223208469068717,True,0.6353311955928802,0.5681279897689819,0.644896290898323,0.5747248250246048,8f8cb97077d2496834d065c7cc1e39980e14e1f9b1665cdfd3aa8ae2dfe3e005,c1_vshard4_p2_b300_sm103a_hs_full_r1_h9_bf16_cyclic.json,e8ac8c8229ce5d2f1e0c09d56fb2bf0ab8ff23f7d0db1ba4d72a0859255f2045
10,500,0.8266399800777435,0.6291999816894531,0.6284960210323334,0.5620160102844238,1.1195410276141937,True,0.6416992276906968,0.5746560096740723,0.6479046189785004,0.5788944119215012,8f8cb97077d2496834d065c7cc1e39980e14e1f9b1665cdfd3aa8ae2dfe3e005,c1_vshard4_p2_b300_sm103a_hs_full_r1_h10_bf16_cyclic.json,5c8e9738d5320423140c556b52a7f08a513d3cc75935d3e2b8475e5afc34a40f
11,500,0.8045439720153809,0.6033119857311249,0.6007040143013,0.53711998462677,1.123235036861177,True,0.6065679907798767,0.5409952133893967,0.6104982244968414,0.5451859360933304,8f8cb97077d2496834d065c7cc1e39980e14e1f9b1665cdfd3aa8ae2dfe3e005,c1_vshard4_p2_b300_sm103a_hs_full_r1_h11_bf16_cyclic.json,ca9a55526d1d154d3cd38f3bc3bb0067fe2d89b364863adfd57bf2ffb8eddfea
12,500,0.8114879727363586,0.6093440055847168,0.605648010969162,0.5428479909896851,1.1224947235667218,True,0.6142751991748809,0.5479216128587723,0.6190428924560547,0.5517494243383407,8f8cb97077d2496834d065c7cc1e39980e14e1f9b1665cdfd3aa8ae2dfe3e005,c1_vshard4_p2_b300_sm103a_hs_full_r1_h12_bf16_cyclic.json,91eee73029b2a6cb2d7765c8c7b2cc07e7f76eb34ed7227ca41da41e0e6db659
13,500,0.8025599718093872,0.597599983215332,0.5953759849071503,0.5320640206336975,1.1231730769984787,True,0.6134495794773102,0.5471072018146514,0.6186610996723175,0.5554326152801513,8f8cb97077d2496834d065c7cc1e39980e14e1f9b1665cdfd3aa8ae2dfe3e005,c1_vshard4_p2_b300_sm103a_hs_full_r1_h13_bf16_cyclic.json,722c2c219ec7bb40374e571affda488969a9daed2cbb08e6c9b625799a86a772
14,500,0.8049120008945465,0.6007360219955444,0.5980160236358643,0.5347200036048889,1.1234590401436255,True,0.6127039730548859,0.5474240183830261,0.6180512124300003,0.5531036895513535,8f8cb97077d2496834d065c7cc1e39980e14e1f9b1665cdfd3aa8ae2dfe3e005,c1_vshard4_p2_b300_sm103a_hs_full_r1_h14_bf16_cyclic.json,89ef68e0c2e124dbb8002a69d6d2b79f3f2de1ecdb0b5ef0be25fdeaacd39db7
15,500,0.8080639839172363,0.6035199761390686,0.6012160181999207,0.5376960039138794,1.1224185631770698,True,0.6180832177400589,0.5500816017389297,0.624591652750969,0.5556185811758041,8f8cb97077d2496834d065c7cc1e39980e14e1f9b1665cdfd3aa8ae2dfe3e005,c1_vshard4_p2_b300_sm103a_hs_full_r1_h15_bf16_cyclic.json,8c58778ae29a186b6ff94a7f972a30018f117d2f0130110ce33c38809ff8e4dd
16,500,0.8106240034103394,0.6057279706001282,0.6035199761390686,0.5399680137634277,1.1217849116253604,True,0.6090335875749588,0.5433631956577301,0.6211907112598419,0.5547900801897049,8f8cb97077d2496834d065c7cc1e39980e14e1f9b1665cdfd3aa8ae2dfe3e005,c1_vshard4_p2_b300_sm103a_hs_full_r1_h16_bf16_cyclic.json,5295324d0caf140c651f5f4b6d503d4bd9c9b274c141ff3b9734b638cade8a50
17,500,0.8135199844837189,0.6101440191268921,0.6064800024032593,0.5429120063781738,1.123835929135608,True,0.6126096159219742,0.5461440086364746,0.6197462427616119,0.5530889689922333,8f8cb97077d2496834d065c7cc1e39980e14e1f9b1665cdfd3aa8ae2dfe3e005,c1_vshard4_p2_b300_sm103a_hs_full_r1_h17_bf16_cyclic.json,3a946ed9922a6c79786e43fbbafa319276534e9c31a1e1c26d6a5a00be3af5c3
18,500,0.8165119886398315,0.6115840077400208,0.6093440055847168,0.5457280278205872,1.120675458400836,True,0.6217631965875626,0.5567423939704895,0.630079984664917,0.5605795413255692,8f8cb97077d2496834d065c7cc1e39980e14e1f9b1665cdfd3aa8ae2dfe3e005,c1_vshard4_p2_b300_sm103a_hs_full_r1_h18_bf16_cyclic.json,7792c336c2b4759b50c262d8fce9e643fb4b469dff76abfa8fcbe442aef354f7
19,500,0.8192319869995117,0.614080011844635,0.6120319962501526,0.5484480261802673,1.1196685602489438,True,0.6164319783449173,0.5517775923013687,0.6222470468282699,0.5560969769954681,8f8cb97077d2496834d065c7cc1e39980e14e1f9b1665cdfd3aa8ae2dfe3e005,c1_vshard4_p2_b300_sm103a_hs_full_r1_h19_bf16_cyclic.json,d3a6b654ed244384e848880307d0db8c2bc7bc00dbde864440440585bd382a40
20,500,0.8218240141868591,0.6172319948673248,0.6149919927120209,0.5509120225906372,1.120382147343275,True,0.628579181432724,0.5618368238210678,0.6324841850996017,0.57216672539711,8f8cb97077d2496834d065c7cc1e39980e14e1f9b1665cdfd3aa8ae2dfe3e005,c1_vshard4_p2_b300_sm103a_hs_full_r1_h20_bf16_cyclic.json,c628fba9df9095df1f15dd35f2e8d8bbd9f61e2e26dfb2cb92c7b3c262cfeca7
21,500,0.8249599933624268,0.6217920184135437,0.6177279949188232,0.5541120171546936,1.122141370631844,True,0.6254255950450898,0.5581983834505081,0.6343091070652008,0.5690883022546768,8f8cb97077d2496834d065c7cc1e39980e14e1f9b1665cdfd3aa8ae2dfe3e005,c1_vshard4_p2_b300_sm103a_hs_full_r1_h21_bf16_cyclic.json,26bfbd7692f6805754db3a42525088099f6cc7277440b067107151ec3c33b024
22,500,0.8274880051612854,0.6246079802513123,0.6206079721450806,0.5569919943809509,1.1213948971484065,True,0.6275200247764587,0.5602896124124527,0.6385782372951507,0.5697072088718415,8f8cb97077d2496834d065c7cc1e39980e14e1f9b1665cdfd3aa8ae2dfe3e005,c1_vshard4_p2_b300_sm103a_hs_full_r1_h22_bf16_cyclic.json,e6984e50bd4845adba2db26127f403b0099016fd8e35d9acacc0f94ef3b4d5ed
23,500,0.8324640095233917,0.6277920007705688,0.6234079897403717,0.5593120157718658,1.1224361055504928,True,0.633097591996193,0.5642640113830566,0.6439971059560775,0.5696390336751938,8f8cb97077d2496834d065c7cc1e39980e14e1f9b1665cdfd3aa8ae2dfe3e005,c1_vshard4_p2_b300_sm103a_hs_full_r1_h23_bf16_cyclic.json,8d53e5f8511f50438b3299fc99c77e28ac428269cc6b1ed572a2a475058df3e8
24,500,0.8329280018806458,0.6291039884090424,0.6255200207233429,0.5616000294685364,1.1201993507806394,True,0.6336496055126191,0.5656367868185044,0.6445456051826477,0.5703094166517257,8f8cb97077d2496834d065c7cc1e39980e14e1f9b1665cdfd3aa8ae2dfe3e005,c1_vshard4_p2_b300_sm103a_hs_full_r1_h24_bf16_cyclic.json,74a7b415bbbafebfc9efe5eed2a706cdf0a1d6565c65048fcf03ec30b4ba2d4f
25,500,0.8368960022926331,0.6328639984130859,0.6287360191345215,0.5650240182876587,1.1200656572635985,True,0.636963227391243,0.5696976095438003,0.6424534147977828,0.573632001876831,8f8cb97077d2496834d065c7cc1e39980e14e1f9b1665cdfd3aa8ae2dfe3e005,c1_vshard4_p2_b300_sm103a_hs_full_r1_h25_bf16_cyclic.json,9118c25f3ff6410ca6b84e47a888ad81e36695574080e2a8a9d1c15d625a5f93
26,500,0.8400639891624451,0.6343840062618256,0.6317600011825562,0.5682880282402039,1.1163071800514586,True,0.647758400440216,0.5808047980070115,0.656398071050644,0.5858739399909973,8f8cb97077d2496834d065c7cc1e39980e14e1f9b1665cdfd3aa8ae2dfe3e005,c1_vshard4_p2_b300_sm103a_hs_full_r1_h26_bf16_cyclic.json,3ea88f739cca4167b484f42f18588b75db382efd3786824efadac1285deb5726
27,500,0.8417919874191284,0.6368319988250732,0.6342080235481262,0.5702400207519531,1.1167788574104425,True,0.6512640118598938,0.5824464231729507,0.6566169458627701,0.5875539308786393,8f8cb97077d2496834d065c7cc1e39980e14e1f9b1665cdfd3aa8ae2dfe3e005,c1_vshard4_p2_b300_sm103a_hs_full_r1_h27_bf16_cyclic.json,2a9d9a8398e21e6c88b6d9bf6f0127971a70d628b6ab862ba525d72fbf53ce6d
28,500,0.8447039723396301,0.6400479972362518,0.636352002620697,0.5726400017738342,1.1177144370871956,True,0.642848014831543,0.5752959847450256,0.6466591769456863,0.5826009702682495,8f8cb97077d2496834d065c7cc1e39980e14e1f9b1665cdfd3aa8ae2dfe3e005,c1_vshard4_p2_b300_sm103a_hs_full_r1_h28_bf16_cyclic.json,65fdd6b20eaa4cd7673e57e6b7d389de35cd39d2649f2ad6a7b7af1fc3127544
29,500,0.8494559824466705,0.6450720131397247,0.6407359838485718,0.5767679810523987,1.118425492279747,True,0.657900795340538,0.5890960216522216,0.6623532718420029,0.5942982572317124,8f8cb97077d2496834d065c7cc1e39980e14e1f9b1665cdfd3aa8ae2dfe3e005,c1_vshard4_p2_b300_sm103a_hs_full_r1_h29_bf16_cyclic.json,22378fa7826c8e958dea09061f8b51dd20469caae6cbf4d01d9e872e7231b874
30,500,0.851360023021698,0.6468799710273743,0.6438720226287842,0.5789759755134583,1.1172829243107991,True,0.649180781841278,0.5823360085487366,0.6541551893949509,0.5863120090961457,8f8cb97077d2496834d065c7cc1e39980e14e1f9b1665cdfd3aa8ae2dfe3e005,c1_vshard4_p2_b300_sm103a_hs_full_r1_h30_bf16_cyclic.json,4d85225c56d5831755862e5dd3306f18f96fb080a215f0d8eb2fc17323b9550e
31,500,0.8540480136871338,0.6488639712333679,0.6449759900569916,0.5810239911079407,1.1167593441297747,True,0.6536655932664871,0.5851631730794906,0.6583372640609741,0.592840348482132,8f8cb97077d2496834d065c7cc1e39980e14e1f9b1665cdfd3aa8ae2dfe3e005,c1_vshard4_p2_b300_sm103a_hs_full_r1_h31_bf16_cyclic.json,53151dcc28e47fe58bc666f886187a8b0fd13c85f52d0fdd7149b8e4b10a2958
32,500,0.8564800024032593,0.6525760293006897,0.648576021194458,0.5848320126533508,1.1158350007893514,True,0.6563599854707718,0.5881983876228333,0.6586582410335541,0.5913977408409119,8f8cb97077d2496834d065c7cc1e39980e14e1f9b1665cdfd3aa8ae2dfe3e005,c1_vshard4_p2_b300_sm103a_hs_full_r1_h32_bf16_cyclic.json,3566c99beccde616647fc44bbaec34d20979371c97a0bb8e55d32292e21faa58
33,500,0.860480010509491,0.6554880142211914,0.651423990726471,0.5877279937267303,1.1152914634281768,True,0.6661184042692184,0.5975072175264359,0.6714390116930008,0.6034272122383117,8f8cb97077d2496834d065c7cc1e39980e14e1f9b1665cdfd3aa8ae2dfe3e005,c1_vshard4_p2_b300_sm103a_hs_full_r1_h33_bf16_cyclic.json,68fe65bb6d26b768cbf5c61edaa6670f2f4074f2b56f6f0c5d76a8fa08a5a64a
34,500,0.8619840145111084,0.6566720008850098,0.6531519889831543,0.5892800092697144,1.1143632747678192,True,0.6590415745973587,0.5936975985765457,0.6640038150548935,0.5969347202777863,8f8cb97077d2496834d065c7cc1e39980e14e1f9b1665cdfd3aa8ae2dfe3e005,c1_vshard4_p2_b300_sm103a_hs_full_r1_h34_bf16_cyclic.json,4bac1d9b5118d4a1ec182f23884d417405bee2daa0e30fb39cc418fc01a70784
35,500,0.8653119802474976,0.659775972366333,0.6565120220184326,0.5917920172214508,1.114878121310383,True,0.6621135979890823,0.594947201013565,0.666341120004654,0.5984534442424774,8f8cb97077d2496834d065c7cc1e39980e14e1f9b1665cdfd3aa8ae2dfe3e005,c1_vshard4_p2_b300_sm103a_hs_full_r1_h35_bf16_cyclic.json,d897bbc80c2be3bd4340436f2ba3f8c003d7cb9b036280342059d137b98045bc
36,500,0.8681119978427887,0.6631520092487335,0.6593279838562012,0.5957440137863159,1.1131492619355061,True,0.6673952132463455,0.6001984089612961,0.6733078408241272,0.6040963155031204,8f8cb97077d2496834d065c7cc1e39980e14e1f9b1665cdfd3aa8ae2dfe3e005,c1_vshard4_p2_b300_sm103a_hs_full_r1_h36_bf16_cyclic.json,e7504b8edb3ca0ef6f8f0a718be5b45f4b31045ebd354af6774d2e69b5cf6839
37,500,0.8708480000495911,0.6660799980163574,0.6618559956550598,0.5980319976806641,1.1137865542305472,True,0.6769423842430115,0.6060559898614883,0.6841001391410828,0.6117161393165589,8f8cb97077d2496834d065c7cc1e39980e14e1f9b1665cdfd3aa8ae2dfe3e005,c1_vshard4_p2_b300_sm103a_hs_full_r1_h37_bf16_cyclic.json,d0c174c6c55d07f5b2b86222bbab7e8bf28f283918c843dbdebcc13ccdc10563
38,500,0.8739839792251587,0.6692479848861694,0.7424319982528687,0.7242879867553711,0.924008125392543,False,0.6789487928152085,0.7313472092151642,0.6865670156478881,0.7377776074409484,8f8cb97077d2496834d065c7cc1e39980e14e1f9b1665cdfd3aa8ae2dfe3e005,c1_vshard4_p2_b300_sm103a_hs_full_r1_h38_bf16_cyclic.json,165625dfed6aa5f5a84c880df056f48846f792702f635d149703c4a32dc28a4e
39,500,0.8765439987182617,0.6715520024299622,0.7449760138988495,0.7265599966049194,0.9242898116714388,False,0.680097621679306,0.7386895924806595,0.6856326305866242,0.7425667488574982,8f8cb97077d2496834d065c7cc1e39980e14e1f9b1665cdfd3aa8ae2dfe3e005,c1_vshard4_p2_b300_sm103a_hs_full_r1_h39_bf16_cyclic.json,490ad235e995471e1f44886470ae26ba4630e938a0d0bb707096c2d317f9f76c
40,500,0.8800320029258728,0.6750880181789398,0.7509600222110748,0.7319999933242798,0.9222513993656176,False,0.6860751718282699,0.74030721783638,0.6957449382543563,0.7475219416618347,8f8cb97077d2496834d065c7cc1e39980e14e1f9b1665cdfd3aa8ae2dfe3e005,c1_vshard4_p2_b300_sm103a_hs_full_r1_h40_bf16_cyclic.json,f9ecdac21a1daecf29e777b205688353590c5095237a04db547c4bab71a99365
41,500,0.8855200111865997,0.6803200244903564,0.756384015083313,0.7359039783477783,0.9244684694024665,False,0.689408004283905,0.742987209558487,0.6945625513792038,0.748963537812233,8f8cb97077d2496834d065c7cc1e39980e14e1f9b1665cdfd3aa8ae2dfe3e005,c1_vshard4_p2_b300_sm103a_hs_full_r1_h41_bf16_cyclic.json,35d1fa2f4c6dc2336da2127283f3f766adbeb6ef6a95284b3e8c934661188fd9
42,500,0.8873599767684937,0.6823519766330719,0.7586240172386169,0.7395840287208557,0.9226158896552036,False,0.6924848258495331,0.7504496067762375,0.6969405043125152,0.7549852550029754,8f8cb97077d2496834d065c7cc1e39980e14e1f9b1665cdfd3aa8ae2dfe3e005,c1_vshard4_p2_b300_sm103a_hs_full_r1_h42_bf16_cyclic.json,a0ce0113304209d7a76e290fd627c9f090ae9fb147e4be8b919bcfb65e699925
43,500,0.8882560133934021,0.6834560036659241,0.7593280076980591,0.7398719787597656,0.9237490042690755,False,0.6886784046888351,0.7458447813987732,0.6927177739143371,0.7548499232530594,8f8cb97077d2496834d065c7cc1e39980e14e1f9b1665cdfd3aa8ae2dfe3e005,c1_vshard4_p2_b300_sm103a_hs_full_r1_h43_bf16_cyclic.json,9e073e2e9f5dcb6966d906f350ecc3bc728a6f68836e39d76bef815a531798e5
44,500,0.8912960290908813,0.686240017414093,0.7623999714851379,0.7435040175914764,0.9229809135895651,False,0.6909168064594269,0.7491071909666062,0.7015487998723984,0.757356807589531,8f8cb97077d2496834d065c7cc1e39980e14e1f9b1665cdfd3aa8ae2dfe3e005,c1_vshard4_p2_b300_sm103a_hs_full_r1_h44_bf16_cyclic.json,cf3231a630abc0a6babcac10e12e2c3258a02da98ae4b17af00b396be86bcde3
45,500,0.893775999546051,0.6890239715576172,0.7657600045204163,0.7455360293388367,0.9241994275832168,False,0.6948880076408386,0.7508367896080017,0.7082681506872176,0.7570575976371765,8f8cb97077d2496834d065c7cc1e39980e14e1f9b1665cdfd3aa8ae2dfe3e005,c1_vshard4_p2_b300_sm103a_hs_full_r1_h45_bf16_cyclic.json,085a8eab1bedfecad9083c39a19de81eb6a916e9e88dc1d161a23f2a40a8291a
46,500,0.8963199853897095,0.6910079717636108,0.7677760124206543,0.7457919716835022,0.9265425185575201,False,0.6946592122316361,0.7492560267448425,0.700896664261818,0.7531865805387497,8f8cb97077d2496834d065c7cc1e39980e14e1f9b1665cdfd3aa8ae2dfe3e005,c1_vshard4_p2_b300_sm103a_hs_full_r1_h46_bf16_cyclic.json,dab9940982a4831cf676afbbcabfc371ddc4273d1e0aaadabda6d4fc0b443838
47,500,0.8994560241699219,0.6943359971046448,0.7710080146789551,0.7506880164146423,0.9249328375066647,False,0.69689921438694,0.7554080128669739,0.7006080073118209,0.7627535963058472,8f8cb97077d2496834d065c7cc1e39980e14e1f9b1665cdfd3aa8ae2dfe3e005,c1_vshard4_p2_b300_sm103a_hs_full_r1_h47_bf16_cyclic.json,b2387e32f4bc76e0676ce0a8f4b689a06c5a3936f91aa99a9673ee2c79da059b
48,500,0.9012159705162048,0.6965759992599487,0.7738879919052124,0.7529919743537903,0.9250775877893558,False,0.7031056195497513,0.7582095772027969,0.7285923242568969,0.7863123172521591,8f8cb97077d2496834d065c7cc1e39980e14e1f9b1665cdfd3aa8ae2dfe3e005,c1_vshard4_p2_b300_sm103a_hs_full_r1_h48_bf16_cyclic.json,4d1949473e4b0e15530a78ee8ff636c118d146c83d0bae19401f3cde72168a8f
49,500,0.9047359824180603,0.699999988079071,0.7757440209388733,0.7552319765090942,0.9268675186592048,False,0.7033008068799973,0.758916825056076,0.7095683431625366,0.764321295619011,8f8cb97077d2496834d065c7cc1e39980e14e1f9b1665cdfd3aa8ae2dfe3e005,c1_vshard4_p2_b300_sm103a_hs_full_r1_h49_bf16_cyclic.json,2be5367a2b23e77beb4289837d9ada7e6286a27f9caf8364642809164d549d04
50,500,0.9074399769306183,0.7021440267562866,0.7795839905738831,0.7582879960536957,0.9259595699924104,False,0.705315214395523,0.7621232211589813,0.7114992010593414,0.768492802977562,8f8cb97077d2496834d065c7cc1e39980e14e1f9b1665cdfd3aa8ae2dfe3e005,c1_vshard4_p2_b300_sm103a_hs_full_r1_h50_bf16_cyclic.json,9236718d9361b69be98a131917e6d4bf0acfc3d77a150d407eaff5aa64d15a39
51,500,0.9088800251483917,0.7039999961853027,0.7815679907798767,0.7603520154953003,0.9258869337338583,False,0.7075632154941559,0.7640656143426895,0.712105256319046,0.76925696849823,8f8cb97077d2496834d065c7cc1e39980e14e1f9b1665cdfd3aa8ae2dfe3e005,c1_vshard4_p2_b300_sm103a_hs_full_r1_h51_bf16_cyclic.json,034a11aa9948524e59b636a25a54e2dd61fa677c8fe1abb4892c3b2f1d9c78e2
52,500,0.9133440256118774,0.7083520293235779,0.7860319912433624,0.7649439871311188,0.9260181676572347,False,0.7126751959323883,0.7675568163394928,0.7203567939996719,0.7755036914348602,8f8cb97077d2496834d065c7cc1e39980e14e1f9b1665cdfd3aa8ae2dfe3e005,c1_vshard4_p2_b300_sm103a_hs_full_r1_h52_bf16_cyclic.json,3deec2e226f3164c2a22a715e1a0ae729172e1fea711633dab01a098e0556df7
53,500,0.9153919816017151,0.7101439833641052,0.7878720164299011,0.7672960162162781,0.925515014226187,False,0.7128367751836777,0.7700480222702026,0.7171904069185256,0.7739199995994568,8f8cb97077d2496834d065c7cc1e39980e14e1f9b1665cdfd3aa8ae2dfe3e005,c1_vshard4_p2_b300_sm103a_hs_full_r1_h53_bf16_cyclic.json,1138708b62d73e155d538d0220f0de124d8636425ece29da992a98728d72d133
54,500,0.9180799722671509,0.712448000907898,0.7919359803199768,0.7694079875946045,0.9259690728390015,False,0.7163311779499054,0.7726207822561264,0.7196873712539673,0.7759728151559829,8f8cb97077d2496834d065c7cc1e39980e14e1f9b1665cdfd3aa8ae2dfe3e005,c1_vshard4_p2_b300_sm103a_hs_full_r1_h54_bf16_cyclic.json,81afb6ff57221e21c781f1dc8a1940e993bb6201810d51620112bdb19dfce5e0
55,500,0.9217600226402283,0.7152320146560669,0.7939519882202148,0.7721279859542847,0.9263127715440864,False,0.7169632136821746,0.7745647758245469,0.7219856286048889,0.7790444594621658,8f8cb97077d2496834d065c7cc1e39980e14e1f9b1665cdfd3aa8ae2dfe3e005,c1_vshard4_p2_b300_sm103a_hs_full_r1_h55_bf16_cyclic.json,05d1ad8fabbb763542c667562504aff20ba57b15cbb682db75cfd37d42a56927
56,500,0.9245759844779968,0.7185279726982117,0.7981439828872681,0.7754560112953186,0.9265876622685346,False,0.7217328250408173,0.7780159711837769,0.726817918419838,0.7820169395208358,8f8cb97077d2496834d065c7cc1e39980e14e1f9b1665cdfd3aa8ae2dfe3e005,c1_vshard4_p2_b300_sm103a_hs_full_r1_h56_bf16_cyclic.json,140f39f9a4cd14e590b69ce75a5f1c8c113cf31651b8c63c5c4d46cfe08e1f3f
57,500,0.9279999732971191,0.7216480076313019,0.7995040118694305,0.7783359885215759,0.9271677248305696,False,0.7288768142461777,0.7844879776239395,0.7394239902496338,0.7953305810689926,8f8cb97077d2496834d065c7cc1e39980e14e1f9b1665cdfd3aa8ae2dfe3e005,c1_vshard4_p2_b300_sm103a_hs_full_r1_h57_bf16_cyclic.json,9362254272d1f93c1b9aa28596bba831354efcb436a6ce5a1e9b20c78e5a67f8
58,500,0.9301120042800903,0.7241600155830383,0.8023519814014435,0.7806400060653687,0.9276491211781416,False,0.7271440148353576,0.784654414653778,0.7323657780885696,0.7900988906621933,8f8cb97077d2496834d065c7cc1e39980e14e1f9b1665cdfd3aa8ae2dfe3e005,c1_vshard4_p2_b300_sm103a_hs_full_r1_h58_bf16_cyclic.json,3cdfc23a0537e64309fc0a6db41b2de61ebb9d94dea02342ea6cd4d0986ffdca
59,500,0.9334400296211243,0.7266560196876526,0.8048799932003021,0.7839040160179138,0.9269706556408903,False,0.7291855722665787,0.7868528068065643,0.7338617819547654,0.7924303770065307,8f8cb97077d2496834d065c7cc1e39980e14e1f9b1665cdfd3aa8ae2dfe3e005,c1_vshard4_p2_b300_sm103a_hs_full_r1_h59_bf16_cyclic.json,1a0d74e0f3c526d2ba39c389872050e469349200dcf3461775f751d773301d0f
60,500,0.9356799721717834,0.7291200160980225,0.8069760203361511,0.786080002784729,0.9275391989556752,False,0.7330272018909454,0.7903392136096954,0.7394054228067398,0.795237438082695,8f8cb97077d2496834d065c7cc1e39980e14e1f9b1665cdfd3aa8ae2dfe3e005,c1_vshard4_p2_b300_sm103a_hs_full_r1_h60_bf16_cyclic.json,b1f95971ae5c193d27c5128397d3de0f8c022a6f65abee81e74596afcc635586
61,500,0.9390079975128174,0.7320960164070129,0.8096640110015869,0.7889279723167419,0.9279630613897007,False,0.7345952183008194,0.7911695748567581,0.7392665714025497,0.7961939102411271,8f8cb97077d2496834d065c7cc1e39980e14e1f9b1665cdfd3aa8ae2dfe3e005,c1_vshard4_p2_b300_sm103a_hs_full_r1_h61_bf16_cyclic.json,6594b0f01fbf2120c74f421096829dda44e787302ed8c263c3bf7a449959d424
62,500,0.9414399862289429,0.7347519993782043,0.813616007566452,0.7912319898605347,0.9286176605520137,False,0.7388831794261932,0.7951152265071869,0.7431724762916565,0.7989798438549042,8f8cb97077d2496834d065c7cc1e39980e14e1f9b1665cdfd3aa8ae2dfe3e005,c1_vshard4_p2_b300_sm103a_hs_full_r1_h62_bf16_cyclic.json,4400a2549ea8d1429bc35cab1445ee71d396846fb60ff95f3f033587b916ce9a
63,500,0.9440320134162903,0.7376479804515839,0.8150559961795807,0.796288013458252,0.9263582623176803,False,0.7410656243562699,0.8002304047346115,0.745736335515976,0.8050889438390731,8f8cb97077d2496834d065c7cc1e39980e14e1f9b1665cdfd3aa8ae2dfe3e005,c1_vshard4_p2_b300_sm103a_hs_full_r1_h63_bf16_cyclic.json,974db5686aa6a3902f4474a8477a9ac38c237efc2a26454e3eff95af16cf5585
64,500,0.948415994644165,0.741536021232605,0.8196000158786774,0.8015360236167908,0.9251437232808997,False,0.7442480027675629,0.8044176012277603,0.7481939321756363,0.8076512032747268,8f8cb97077d2496834d065c7cc1e39980e14e1f9b1665cdfd3aa8ae2dfe3e005,c1_vshard4_p2_b300_sm103a_hs_full_r1_h64_bf16_cyclic.json,5507bbeceb4e2c8a2de0f000cd910e4832049bc6c2954870c6e9d075c001c265
65,500,0.9499520063400269,0.7428319752216339,0.8208640217781067,0.8021439909934998,0.9260581436277985,False,0.7467536211013794,0.8050591766834259,0.7529622662067413,0.8084480166435242,8f8cb97077d2496834d065c7cc1e39980e14e1f9b1665cdfd3aa8ae2dfe3e005,c1_vshard4_p2_b300_sm103a_hs_full_r1_h65_bf16_cyclic.json,1896aba0b0f911fa9eeffda3ac0d64ae1152461f609d97f9e30515be7123e73f
66,500,0.9528639912605286,0.7459200024604797,0.8251839876174927,0.8062559962272644,0.925165215453756,False,0.7494752198457718,0.8096464037895202,0.7564527714252471,0.8153023946285248,8f8cb97077d2496834d065c7cc1e39980e14e1f9b1665cdfd3aa8ae2dfe3e005,c1_vshard4_p2_b300_sm103a_hs_full_r1_h66_bf16_cyclic.json,9f63a5aa009813eca2ba2ed5dd04b7df921032a355b2c621e65865b52e5d4f6a
67,500,0.9558079838752747,0.7488159835338593,0.8269760012626648,0.808351993560791,0.9263489043124944,False,0.7512671768665313,0.8112399727106094,0.7559417861700058,0.81632000207901,8f8cb97077d2496834d065c7cc1e39980e14e1f9b1665cdfd3aa8ae2dfe3e005,c1_vshard4_p2_b300_sm103a_hs_full_r1_h67_bf16_cyclic.json,48f4f8f4b5df6a012f18dbb042f1c3256271957c26594eb5a5bd06d18e6a4fb3
68,500,0.9587200284004211,0.7517120242118835,0.8312320113182068,0.8116320073604584,0.9261734596403571,False,0.7543744057416916,0.8145968049764634,0.7580287903547287,0.8195872122049331,8f8cb97077d2496834d065c7cc1e39980e14e1f9b1665cdfd3aa8ae2dfe3e005,c1_vshard4_p2_b300_sm103a_hs_full_r1_h68_bf16_cyclic.json,70275f9627a9bde83625164bf8389fd185246b585679735f2f836d802b98f7a2
69,500,0.961872011423111,0.754144012928009,0.8325120210647583,0.8149440288543701,0.9253936297786827,False,0.7588160037994385,0.8188640117645264,0.7645920175313949,0.8259529536962509,8f8cb97077d2496834d065c7cc1e39980e14e1f9b1665cdfd3aa8ae2dfe3e005,c1_vshard4_p2_b300_sm103a_hs_full_r1_h69_bf16_cyclic.json,b4a455a1aeb23a0aeef036ed3e65eb476361e065393201e0ef076654b6b521b5
70,500,0.9643360078334808,0.7568960189819336,0.8367040157318115,0.8165920078754425,0.9268961876704841,False,0.7620479971170425,0.8225600123405457,0.7682582408189773,0.8280364966392517,8f8cb97077d2496834d065c7cc1e39980e14e1f9b1665cdfd3aa8ae2dfe3e005,c1_vshard4_p2_b300_sm103a_hs_full_r1_h70_bf16_cyclic.json,474d42562a69dc9c1fdf8343cab58f51e3b81acfded067b07ec47e1832217372
71,500,0.9679999947547913,0.7618560194969177,0.8377280235290527,0.8210240006446838,0.927933920200498,False,0.7657023906707764,0.8242928087711334,0.7695385783910751,0.8289049464464188,8f8cb97077d2496834d065c7cc1e39980e14e1f9b1665cdfd3aa8ae2dfe3e005,c1_vshard4_p2_b300_sm103a_hs_full_r1_h71_bf16_cyclic.json,0b193951fb98282f9dacb030bec607617a8a338f3e85f496b7cc8a3f8d619381
72,500,0.9699359834194183,0.7646239995956421,0.8422719836235046,0.8222079873085022,0.9299642078382608,False,0.7716927975416183,0.8335232198238373,0.7822761416435242,0.8416700959205627,8f8cb97077d2496834d065c7cc1e39980e14e1f9b1665cdfd3aa8ae2dfe3e005,c1_vshard4_p2_b300_sm103a_hs_full_r1_h72_bf16_cyclic.json,e4d6bf38151aa5563a83270e613f06522c3bb4c7385a5ee100257dfbaae02c5a
73,500,0.9725760221481323,0.7672960162162781,0.8446400165557861,0.8254239857196808,0.9295780465445024,False,0.7696335822343826,0.8287103980779648,0.7743769484758377,0.8344332855939866,8f8cb97077d2496834d065c7cc1e39980e14e1f9b1665cdfd3aa8ae2dfe3e005,c1_vshard4_p2_b300_sm103a_hs_full_r1_h73_bf16_cyclic.json,f9b654c27417097be801d10281a75b489b8f3d662a23f7591eb034b6b70508b3
74,500,0.975488007068634,0.7707520127296448,0.8476639986038208,0.8280320167541504,0.9308239260493323,False,0.7743455827236175,0.831712007522583,0.7797788572311402,0.8352326589822769,8f8cb97077d2496834d065c7cc1e39980e14e1f9b1665cdfd3aa8ae2dfe3e005,c1_vshard4_p2_b300_sm103a_hs_full_r1_h74_bf16_cyclic.json,af28be5604033774ddf99aca6b593eec1b79ee30d8c90d247034402dc9bcb885
75,500,0.9783999919891357,0.9448639750480652,1.0938880443572998,1.0920479893684387,0.8652220270965435,False,0.9479359984397888,1.0960655748844146,0.9504985779523849,1.0991724240779877,8f8cb97077d2496834d065c7cc1e39980e14e1f9b1665cdfd3aa8ae2dfe3e005,c1_vshard4_p2_b300_sm103a_hs_full_r1_h75_bf16_cyclic.json,e0f3f03faee66644a6d15dbcc4da2f98a083946dd5db573a433a7058e16e60e5
76,500,0.9812800288200378,0.9494720101356506,1.0975680351257324,1.096735954284668,0.8657252517584615,False,0.951649597287178,1.1014447569847108,0.9557142603397369,1.1056063997745513,8f8cb97077d2496834d065c7cc1e39980e14e1f9b1665cdfd3aa8ae2dfe3e005,c1_vshard4_p2_b300_sm103a_hs_full_r1_h76_bf16_cyclic.json,9f55771566d650142e1caa04a9f3608468783435b3b1256d736ce05d4cb1729d
77,500,0.9846560060977936,0.9524160027503967,1.099776029586792,1.0986080169677734,0.8669297766269031,False,0.9553647965192795,1.1030128300189972,0.9631689846515655,1.1098975574970245,8f8cb97077d2496834d065c7cc1e39980e14e1f9b1665cdfd3aa8ae2dfe3e005,c1_vshard4_p2_b300_sm103a_hs_full_r1_h77_bf16_cyclic.json,099bbd7f655e3a7c906aa564b3734f22ba858ff0c4c26824ebfd72b9b9497228
78,500,0.9872000217437744,0.9555040001869202,1.1032159924507141,1.101088047027588,0.8677816481309781,False,0.9575999975204468,1.1054448187351227,0.9658054405450821,1.1112671899795532,8f8cb97077d2496834d065c7cc1e39980e14e1f9b1665cdfd3aa8ae2dfe3e005,c1_vshard4_p2_b300_sm103a_hs_full_r1_h78_bf16_cyclic.json,f227c56d36be113c80c5a7e8ce1438f70a7391496aa767160fea35cd8bac19cb
79,500,0.991104006767273,0.9588159918785095,1.1061439514160156,1.1063040494918823,0.8666839756384215,False,0.9645615994930268,1.1122064352035523,0.9925897628068924,1.130865969657898,8f8cb97077d2496834d065c7cc1e39980e14e1f9b1665cdfd3aa8ae2dfe3e005,c1_vshard4_p2_b300_sm103a_hs_full_r1_h79_bf16_cyclic.json,d53c1ee2e8c609e60917677096cad55b30157d87c013c05ff310b9ed661d2663
80,500,0.9929440021514893,0.9620479941368103,1.1081600189208984,1.1070240139961243,0.8690398599972724,False,0.9649615794420242,1.1109775841236114,0.9690886574983597,1.1148197913169862,8f8cb97077d2496834d065c7cc1e39980e14e1f9b1665cdfd3aa8ae2dfe3e005,c1_vshard4_p2_b300_sm103a_hs_full_r1_h80_bf16_cyclic.json,07bad8d46d8a4aface2ae7f679a53b2db26ff261e353dcd0b680f2058d5fab56
81,500,0.9960960149765015,0.967519998550415,1.1113280057907104,1.1088320016860962,0.8725577879058313,False,0.9698608219623566,1.1129023671150207,0.9763993442058563,1.119563536643982,8f8cb97077d2496834d065c7cc1e39980e14e1f9b1665cdfd3aa8ae2dfe3e005,c1_vshard4_p2_b300_sm103a_hs_full_r1_h81_bf16_cyclic.json,51048eb6b3e8e09ba7dfa6cab2ca457af24b4cfc2a22a8dd026360200feac211
82,500,0.9991999864578247,0.9684479832649231,1.114527940750122,1.1115200519561768,0.8712825122322719,False,0.9708512216806412,1.114532744884491,0.9750454580783844,1.1196179509162902,8f8cb97077d2496834d065c7cc1e39980e14e1f9b1665cdfd3aa8ae2dfe3e005,c1_vshard4_p2_b300_sm103a_hs_full_r1_h82_bf16_cyclic.json,30f67d0f464bec201a343618032bb35c2e6923b64688b7a08ea94a8c631d5735
83,500,1.001312017440796,0.970911979675293,1.117184042930603,1.115007996559143,0.8707668309747347,False,0.9747232019901275,1.1183359622955322,0.9778265327215194,1.1222821879386902,8f8cb97077d2496834d065c7cc1e39980e14e1f9b1665cdfd3aa8ae2dfe3e005,c1_vshard4_p2_b300_sm103a_hs_full_r1_h83_bf16_cyclic.json,4a1185d6d9488b0f276c7e2e5dbdf9d97ed3f4ed713c9b1730648e03ee002642
84,500,1.0052000284194946,0.9746879935264587,1.1195679903030396,1.1196320056915283,0.8705431682657674,False,0.9871215999126435,1.1320127546787262,0.994240306019783,1.1443522799015045,8f8cb97077d2496834d065c7cc1e39980e14e1f9b1665cdfd3aa8ae2dfe3e005,c1_vshard4_p2_b300_sm103a_hs_full_r1_h84_bf16_cyclic.json,7e0658b060b2ba592f5e98d6164105869978671879b3be0a0224b17e1172b9d4
85,500,1.007215976715088,0.9770879745483398,1.1239680051803589,1.124511957168579,0.8688995864557637,False,0.9811199903488159,1.1286720037460327,0.9844505757093429,1.1313923215866089,8f8cb97077d2496834d065c7cc1e39980e14e1f9b1665cdfd3aa8ae2dfe3e005,c1_vshard4_p2_b300_sm103a_hs_full_r1_h85_bf16_cyclic.json,ce775b23d42d9c052733938fcc7292232954203dc8cd6f098fe06c1b32edd858
86,500,1.0097119808197021,0.9807680249214172,1.128383994102478,1.1257439851760864,0.8712176461400393,False,0.9853135794401169,1.1325424253940581,0.9993648248910904,1.145644508600235,8f8cb97077d2496834d065c7cc1e39980e14e1f9b1665cdfd3aa8ae2dfe3e005,c1_vshard4_p2_b300_sm103a_hs_full_r1_h86_bf16_cyclic.json,c7a404e9d1ad8ca40e3be241a6db4520bcc841386452c23482ac4645074c8b42
87,500,1.0126879811286926,0.9822400212287903,1.1280640363693237,1.1266560554504395,0.8718188807285012,False,0.9857312232255936,1.1298912525177003,0.9891859418153763,1.1322892594337464,8f8cb97077d2496834d065c7cc1e39980e14e1f9b1665cdfd3aa8ae2dfe3e005,c1_vshard4_p2_b300_sm103a_hs_full_r1_h87_bf16_cyclic.json,292bf2dd5e6f09116d9252f3dcb75205b3c4ef3f8b09620cc982228820f967e7
88,500,1.0153599977493286,0.9867519736289978,1.1320960521697998,1.1304159760475159,0.8729104989113501,False,0.9906592160463333,1.1336031973361969,0.9947231823205948,1.1378182315826415,8f8cb97077d2496834d065c7cc1e39980e14e1f9b1665cdfd3aa8ae2dfe3e005,c1_vshard4_p2_b300_sm103a_hs_full_r1_h88_bf16_cyclic.json,4a1b8d1b03cc72448f815b97ef2c3b64a1bbe2d1addc9b762f79e825eced213d
89,500,1.0174559950828552,0.9871200025081635,1.1374239921569824,1.1319999694824219,0.8720141599999326,False,0.9923808097839355,1.1371856212615967,1.0070105171203614,1.1466361808776855,8f8cb97077d2496834d065c7cc1e39980e14e1f9b1665cdfd3aa8ae2dfe3e005,c1_vshard4_p2_b300_sm103a_hs_full_r1_h89_bf16_cyclic.json,08ae53742e78545c9000b31cd249030d2451be856149e9d3186e40446911f746
90,500,1.0215040445327759,0.9923360049724579,1.1375999450683594,1.1360000371932983,0.873535187044721,False,0.997215986251831,1.1411919713020324,1.0043200254440308,1.147372498512268,8f8cb97077d2496834d065c7cc1e39980e14e1f9b1665cdfd3aa8ae2dfe3e005,c1_vshard4_p2_b300_sm103a_hs_full_r1_h90_bf16_cyclic.json,6e5f93eaf52962cf724688e7f33d0ceb78fea868ffd95aab884eaab95532f824
91,500,1.0237760543823242,0.9952159821987152,1.1393920183181763,1.138208031654358,0.874370901031328,False,0.999455988407135,1.1417952537536622,1.0031900668144227,1.1454733288288117,8f8cb97077d2496834d065c7cc1e39980e14e1f9b1665cdfd3aa8ae2dfe3e005,c1_vshard4_p2_b300_sm103a_hs_full_r1_h91_bf16_cyclic.json,1091b3af38e43c95edc8345cbb5d538eb7968186052ac1fb369db64d4217a94d
92,500,1.0265120267868042,0.9980159997940063,1.142848014831543,1.141152024269104,0.8745688379541062,False,1.0032416045665742,1.1462431967258453,1.0098342776298523,1.1517781960964202,8f8cb97077d2496834d065c7cc1e39980e14e1f9b1665cdfd3aa8ae2dfe3e005,c1_vshard4_p2_b300_sm103a_hs_full_r1_h92_bf16_cyclic.json,d646efce989d176c403c3ccc0d9693e8d44dbd001c5ae7fc42acc76af84e3dcc
93,500,1.029039978981018,1.0003199577331543,1.1460800170898438,1.1440000534057617,0.874405516638865,False,1.00733442902565,1.1495887637138367,1.0189823734760284,1.1633309304714203,8f8cb97077d2496834d065c7cc1e39980e14e1f9b1665cdfd3aa8ae2dfe3e005,c1_vshard4_p2_b300_sm103a_hs_full_r1_h93_bf16_cyclic.json,c776843521910642f0f8aa27d45839adf8272f30254de45b47fa342f09f44915
94,500,1.031872034072876,1.0031039714813232,1.1483839750289917,1.146127998828888,0.8752111217126652,False,1.0075871765613555,1.1496192276477815,1.0123023748397828,1.1533811032772063,8f8cb97077d2496834d065c7cc1e39980e14e1f9b1665cdfd3aa8ae2dfe3e005,c1_vshard4_p2_b300_sm103a_hs_full_r1_h94_bf16_cyclic.json,b0d1a3500010da3b040d9e03ec441bda5c40b3c80ceda0a249fdaa58b4f9456b
95,500,1.0348479747772217,1.0055040121078491,1.1512799859046936,1.1492799520492554,0.8748991142801694,False,1.0100480318069458,1.153606379032135,1.018514915704727,1.1686860454082488,8f8cb97077d2496834d065c7cc1e39980e14e1f9b1665cdfd3aa8ae2dfe3e005,c1_vshard4_p2_b300_sm103a_hs_full_r1_h95_bf16_cyclic.json,d79721c668f8ec0785498d597f1e9e6d3d28b27ff9c5c3cf42b6dafb4033f3a2
96,500,1.0371040105819702,1.0074880123138428,1.1530399918556213,1.152351975440979,0.8742884411928915,False,1.0121647477149964,1.1570272266864776,1.0210272407531737,1.1640742897987366,8f8cb97077d2496834d065c7cc1e39980e14e1f9b1665cdfd3aa8ae2dfe3e005,c1_vshard4_p2_b300_sm103a_hs_full_r1_h96_bf16_cyclic.json,a87ea9cbd717047ec41aef7827f02d58555ae029695000cb56da7ea1d0be4402
