1788083934284012901,0, GPU-0ff6ec41-3275-1f3d-41d8-8b17413a205a, P0, 120 MHz, 3996 MHz, 183.46 W, 34, 1100.00 W
1788083934516610402,0, GPU-0ff6ec41-3275-1f3d-41d8-8b17413a205a, P0, 120 MHz, 3996 MHz, 183.38 W, 34, 1100.00 W
1788083934747144193,0, GPU-0ff6ec41-3275-1f3d-41d8-8b17413a205a, P0, 120 MHz, 3996 MHz, 183.38 W, 34, 1100.00 W
1788083934978134321,0, GPU-0ff6ec41-3275-1f3d-41d8-8b17413a205a, P0, 120 MHz, 3996 MHz, 183.41 W, 34, 1100.00 W
1788083935211561746,0, GPU-0ff6ec41-3275-1f3d-41d8-8b17413a205a, P0, 120 MHz, 3996 MHz, 183.49 W, 34, 1100.00 W
1788083935444702473,0, GPU-0ff6ec41-3275-1f3d-41d8-8b17413a205a, P0, 120 MHz, 3996 MHz, 183.76 W, 34, 1100.00 W
1788083936017930685,0, GPU-0ff6ec41-3275-1f3d-41d8-8b17413a205a, P0, 120 MHz, 3996 MHz, 184.30 W, 34, 1100.00 W
1788083936417501936,0, GPU-0ff6ec41-3275-1f3d-41d8-8b17413a205a, P0, 120 MHz, 3996 MHz, 184.25 W, 34, 1100.00 W
1788083936644070986,0, GPU-0ff6ec41-3275-1f3d-41d8-8b17413a205a, P0, 120 MHz, 3996 MHz, 184.21 W, 34, 1100.00 W
1788083936868559357,0, GPU-0ff6ec41-3275-1f3d-41d8-8b17413a205a, P0, 120 MHz, 3996 MHz, 184.03 W, 34, 1100.00 W
1788083937093091297,0, GPU-0ff6ec41-3275-1f3d-41d8-8b17413a205a, P0, 120 MHz, 3996 MHz, 184.15 W, 34, 1100.00 W
1788083937320771140,0, GPU-0ff6ec41-3275-1f3d-41d8-8b17413a205a, P0, 120 MHz, 3996 MHz, 184.20 W, 34, 1100.00 W
1788083937545316250,0, GPU-0ff6ec41-3275-1f3d-41d8-8b17413a205a, P0, 2032 MHz, 3996 MHz, 188.01 W, 34, 1100.00 W
1788083937780451345,0, GPU-0ff6ec41-3275-1f3d-41d8-8b17413a205a, P0, 2032 MHz, 3996 MHz, 201.79 W, 35, 1100.00 W
1788083938002944076,0, GPU-0ff6ec41-3275-1f3d-41d8-8b17413a205a, P0, 2032 MHz, 3996 MHz, 215.36 W, 35, 1100.00 W
1788083938224562539,0, GPU-0ff6ec41-3275-1f3d-41d8-8b17413a205a, P0, 2032 MHz, 3996 MHz, 229.50 W, 35, 1100.00 W
1788083938445847766,0, GPU-0ff6ec41-3275-1f3d-41d8-8b17413a205a, P0, 2032 MHz, 3996 MHz, 242.24 W, 36, 1100.00 W
1788083938667436290,0, GPU-0ff6ec41-3275-1f3d-41d8-8b17413a205a, P0, 2032 MHz, 3996 MHz, 247.14 W, 36, 1100.00 W
1788083938888582756,0, GPU-0ff6ec41-3275-1f3d-41d8-8b17413a205a, P0, 2032 MHz, 3996 MHz, 247.03 W, 36, 1100.00 W
1788083939109172415,0, GPU-0ff6ec41-3275-1f3d-41d8-8b17413a205a, P0, 2032 MHz, 3996 MHz, 247.19 W, 36, 1100.00 W
1788083939335404934,0, GPU-0ff6ec41-3275-1f3d-41d8-8b17413a205a, P0, 2032 MHz, 3996 MHz, 247.42 W, 36, 1100.00 W
1788083939556420482,0, GPU-0ff6ec41-3275-1f3d-41d8-8b17413a205a, P0, 2032 MHz, 3996 MHz, 247.46 W, 36, 1100.00 W
1788083939777749237,0, GPU-0ff6ec41-3275-1f3d-41d8-8b17413a205a, P0, 2032 MHz, 3996 MHz, 247.46 W, 36, 1100.00 W
1788083939998985192,0, GPU-0ff6ec41-3275-1f3d-41d8-8b17413a205a, P0, 2032 MHz, 3996 MHz, 247.46 W, 36, 1100.00 W
1788083940225723749,0, GPU-0ff6ec41-3275-1f3d-41d8-8b17413a205a, P0, 2032 MHz, 3996 MHz, 247.45 W, 36, 1100.00 W
1788083940450273037,0, GPU-0ff6ec41-3275-1f3d-41d8-8b17413a205a, P0, 2032 MHz, 3996 MHz, 247.46 W, 36, 1100.00 W
1788083940672057700,0, GPU-0ff6ec41-3275-1f3d-41d8-8b17413a205a, P0, 2032 MHz, 3996 MHz, 247.45 W, 36, 1100.00 W
1788083940896721507,0, GPU-0ff6ec41-3275-1f3d-41d8-8b17413a205a, P0, 2032 MHz, 3996 MHz, 247.49 W, 36, 1100.00 W
1788083941118841247,0, GPU-0ff6ec41-3275-1f3d-41d8-8b17413a205a, P0, 2032 MHz, 3996 MHz, 247.49 W, 36, 1100.00 W
1788083941344841108,0, GPU-0ff6ec41-3275-1f3d-41d8-8b17413a205a, P0, 2032 MHz, 3996 MHz, 247.52 W, 36, 1100.00 W
1788083941567066037,0, GPU-0ff6ec41-3275-1f3d-41d8-8b17413a205a, P0, 2032 MHz, 3996 MHz, 247.49 W, 36, 1100.00 W
1788083941788428090,0, GPU-0ff6ec41-3275-1f3d-41d8-8b17413a205a, P0, 2032 MHz, 3996 MHz, 247.45 W, 36, 1100.00 W
1788083942009346447,0, GPU-0ff6ec41-3275-1f3d-41d8-8b17413a205a, P0, 2032 MHz, 3996 MHz, 247.49 W, 36, 1100.00 W
1788083942230473091,0, GPU-0ff6ec41-3275-1f3d-41d8-8b17413a205a, P0, 2032 MHz, 3996 MHz, 247.49 W, 36, 1100.00 W
1788083942451230598,0, GPU-0ff6ec41-3275-1f3d-41d8-8b17413a205a, P0, 2032 MHz, 3996 MHz, 247.49 W, 36, 1100.00 W
1788083942672555761,0, GPU-0ff6ec41-3275-1f3d-41d8-8b17413a205a, P0, 2032 MHz, 3996 MHz, 247.65 W, 36, 1100.00 W
1788083942894037584,0, GPU-0ff6ec41-3275-1f3d-41d8-8b17413a205a, P0, 2032 MHz, 3996 MHz, 270.92 W, 37, 1100.00 W
1788083943118346832,0, GPU-0ff6ec41-3275-1f3d-41d8-8b17413a205a, P0, 2032 MHz, 3996 MHz, 299.66 W, 38, 1100.00 W
1788083943346369631,0, GPU-0ff6ec41-3275-1f3d-41d8-8b17413a205a, P0, 2032 MHz, 3996 MHz, 329.58 W, 38, 1100.00 W
1788083943569298556,0, GPU-0ff6ec41-3275-1f3d-41d8-8b17413a205a, P0, 2032 MHz, 3996 MHz, 358.48 W, 38, 1100.00 W
1788083943792741249,0, GPU-0ff6ec41-3275-1f3d-41d8-8b17413a205a, P0, 2032 MHz, 3996 MHz, 380.87 W, 38, 1100.00 W
1788083944019266325,0, GPU-0ff6ec41-3275-1f3d-41d8-8b17413a205a, P0, 2032 MHz, 3996 MHz, 378.98 W, 38, 1100.00 W
1788083944242176029,0, GPU-0ff6ec41-3275-1f3d-41d8-8b17413a205a, P0, 2032 MHz, 3996 MHz, 379.15 W, 38, 1100.00 W
1788083944465142125,0, GPU-0ff6ec41-3275-1f3d-41d8-8b17413a205a, P0, 2032 MHz, 3996 MHz, 379.52 W, 38, 1100.00 W
1788083944687531801,0, GPU-0ff6ec41-3275-1f3d-41d8-8b17413a205a, P0, 2032 MHz, 3996 MHz, 379.32 W, 38, 1100.00 W
1788083944912812544,0, GPU-0ff6ec41-3275-1f3d-41d8-8b17413a205a, P0, 2032 MHz, 3996 MHz, 379.53 W, 39, 1100.00 W
1788083945135930697,0, GPU-0ff6ec41-3275-1f3d-41d8-8b17413a205a, P0, 2032 MHz, 3996 MHz, 379.45 W, 39, 1100.00 W
1788083945365463337,0, GPU-0ff6ec41-3275-1f3d-41d8-8b17413a205a, P0, 2032 MHz, 3996 MHz, 380.82 W, 39, 1100.00 W
1788083945589874274,0, GPU-0ff6ec41-3275-1f3d-41d8-8b17413a205a, P0, 2032 MHz, 3996 MHz, 381.78 W, 39, 1100.00 W
1788083945813000057,0, GPU-0ff6ec41-3275-1f3d-41d8-8b17413a205a, P0, 2032 MHz, 3996 MHz, 381.95 W, 39, 1100.00 W
1788083946035270794,0, GPU-0ff6ec41-3275-1f3d-41d8-8b17413a205a, P0, 2032 MHz, 3996 MHz, 381.96 W, 39, 1100.00 W
1788083946263498890,0, GPU-0ff6ec41-3275-1f3d-41d8-8b17413a205a, P0, 2032 MHz, 3996 MHz, 381.79 W, 39, 1100.00 W
1788083946486108465,0, GPU-0ff6ec41-3275-1f3d-41d8-8b17413a205a, P0, 2032 MHz, 3996 MHz, 379.89 W, 39, 1100.00 W
1788083946708472392,0, GPU-0ff6ec41-3275-1f3d-41d8-8b17413a205a, P0, 2032 MHz, 3996 MHz, 379.89 W, 39, 1100.00 W
1788083946930650310,0, GPU-0ff6ec41-3275-1f3d-41d8-8b17413a205a, P0, 2032 MHz, 3996 MHz, 379.73 W, 39, 1100.00 W
1788083947153764892,0, GPU-0ff6ec41-3275-1f3d-41d8-8b17413a205a, P0, 2032 MHz, 3996 MHz, 379.95 W, 39, 1100.00 W
1788083947380804504,0, GPU-0ff6ec41-3275-1f3d-41d8-8b17413a205a, P0, 2032 MHz, 3996 MHz, 380.11 W, 39, 1100.00 W
1788083947604578862,0, GPU-0ff6ec41-3275-1f3d-41d8-8b17413a205a, P0, 2032 MHz, 3996 MHz, 380.31 W, 39, 1100.00 W
1788083947830777509,0, GPU-0ff6ec41-3275-1f3d-41d8-8b17413a205a, P0, 2032 MHz, 3996 MHz, 365.35 W, 38, 1100.00 W
1788083948053046655,0, GPU-0ff6ec41-3275-1f3d-41d8-8b17413a205a, P0, 2032 MHz, 3996 MHz, 334.23 W, 37, 1100.00 W
1788083948274570665,0, GPU-0ff6ec41-3275-1f3d-41d8-8b17413a205a, P0, 2032 MHz, 3996 MHz, 303.96 W, 37, 1100.00 W
1788083948495393678,0, GPU-0ff6ec41-3275-1f3d-41d8-8b17413a205a, P0, 2032 MHz, 3996 MHz, 274.77 W, 37, 1100.00 W
1788083948715813184,0, GPU-0ff6ec41-3275-1f3d-41d8-8b17413a205a, P0, 2032 MHz, 3996 MHz, 248.23 W, 37, 1100.00 W
1788083948936943426,0, GPU-0ff6ec41-3275-1f3d-41d8-8b17413a205a, P0, 2032 MHz, 3996 MHz, 247.45 W, 37, 1100.00 W
1788083949160935672,0, GPU-0ff6ec41-3275-1f3d-41d8-8b17413a205a, P0, 2032 MHz, 3996 MHz, 247.45 W, 36, 1100.00 W
1788083949388724589,0, GPU-0ff6ec41-3275-1f3d-41d8-8b17413a205a, P0, 2032 MHz, 3996 MHz, 247.45 W, 36, 1100.00 W
1788083949616111839,0, GPU-0ff6ec41-3275-1f3d-41d8-8b17413a205a, P0, 2032 MHz, 3996 MHz, 247.45 W, 36, 1100.00 W
1788083949841415039,0, GPU-0ff6ec41-3275-1f3d-41d8-8b17413a205a, P0, 2032 MHz, 3996 MHz, 247.45 W, 36, 1100.00 W
1788083950278056660,0, GPU-0ff6ec41-3275-1f3d-41d8-8b17413a205a, P0, 2025 MHz, 3996 MHz, 247.45 W, 36, 1100.00 W
1788083950506233295,0, GPU-0ff6ec41-3275-1f3d-41d8-8b17413a205a, P0, 2025 MHz, 3996 MHz, 247.45 W, 36, 1100.00 W
1788083950733579334,0, GPU-0ff6ec41-3275-1f3d-41d8-8b17413a205a, P0, 2025 MHz, 3996 MHz, 247.45 W, 36, 1100.00 W
1788083950960735703,0, GPU-0ff6ec41-3275-1f3d-41d8-8b17413a205a, P0, 1035 MHz, 3996 MHz, 236.53 W, 36, 1100.00 W
1788083951191155977,0, GPU-0ff6ec41-3275-1f3d-41d8-8b17413a205a, P0, 615 MHz, 3996 MHz, 223.01 W, 35, 1100.00 W
1788083951420621954,0, GPU-0ff6ec41-3275-1f3d-41d8-8b17413a205a, P0, 457 MHz, 3996 MHz, 210.07 W, 35, 1100.00 W
1788083951650671790,0, GPU-0ff6ec41-3275-1f3d-41d8-8b17413a205a, P0, 315 MHz, 3996 MHz, 196.43 W, 35, 1100.00 W
1788083951878966563,0, GPU-0ff6ec41-3275-1f3d-41d8-8b17413a205a, P0, 2032 MHz, 3996 MHz, 200.59 W, 36, 1100.00 W
1788083952107238766,0, GPU-0ff6ec41-3275-1f3d-41d8-8b17413a205a, P0, 2032 MHz, 3996 MHz, 212.85 W, 36, 1100.00 W
1788083952334959993,0, GPU-0ff6ec41-3275-1f3d-41d8-8b17413a205a, P0, 2032 MHz, 3996 MHz, 226.43 W, 36, 1100.00 W
1788083952562436030,0, GPU-0ff6ec41-3275-1f3d-41d8-8b17413a205a, P0, 2032 MHz, 3996 MHz, 240.62 W, 36, 1100.00 W
1788083952786814604,0, GPU-0ff6ec41-3275-1f3d-41d8-8b17413a205a, P0, 2032 MHz, 3996 MHz, 248.43 W, 36, 1100.00 W
1788083953014963777,0, GPU-0ff6ec41-3275-1f3d-41d8-8b17413a205a, P0, 2032 MHz, 3996 MHz, 248.70 W, 36, 1100.00 W
1788083953238941922,0, GPU-0ff6ec41-3275-1f3d-41d8-8b17413a205a, P0, 2032 MHz, 3996 MHz, 248.52 W, 36, 1100.00 W
1788083953462062192,0, GPU-0ff6ec41-3275-1f3d-41d8-8b17413a205a, P0, 2032 MHz, 3996 MHz, 248.94 W, 36, 1100.00 W
1788083953687677878,0, GPU-0ff6ec41-3275-1f3d-41d8-8b17413a205a, P0, 2032 MHz, 3996 MHz, 249.02 W, 36, 1100.00 W
1788083953913606443,0, GPU-0ff6ec41-3275-1f3d-41d8-8b17413a205a, P0, 2032 MHz, 3996 MHz, 248.97 W, 36, 1100.00 W
1788083954138772701,0, GPU-0ff6ec41-3275-1f3d-41d8-8b17413a205a, P0, 2032 MHz, 3996 MHz, 249.06 W, 36, 1100.00 W
1788083954364008510,0, GPU-0ff6ec41-3275-1f3d-41d8-8b17413a205a, P0, 2032 MHz, 3996 MHz, 249.09 W, 36, 1100.00 W
1788083954587613796,0, GPU-0ff6ec41-3275-1f3d-41d8-8b17413a205a, P0, 2032 MHz, 3996 MHz, 249.02 W, 36, 1100.00 W
1788083954812487266,0, GPU-0ff6ec41-3275-1f3d-41d8-8b17413a205a, P0, 2032 MHz, 3996 MHz, 249.06 W, 36, 1100.00 W
1788083955037227336,0, GPU-0ff6ec41-3275-1f3d-41d8-8b17413a205a, P0, 2032 MHz, 3996 MHz, 249.13 W, 36, 1100.00 W
1788083955264892381,0, GPU-0ff6ec41-3275-1f3d-41d8-8b17413a205a, P0, 2032 MHz, 3996 MHz, 249.17 W, 36, 1100.00 W
1788083955489683141,0, GPU-0ff6ec41-3275-1f3d-41d8-8b17413a205a, P0, 2032 MHz, 3996 MHz, 249.13 W, 36, 1100.00 W
1788083955714389761,0, GPU-0ff6ec41-3275-1f3d-41d8-8b17413a205a, P0, 2032 MHz, 3996 MHz, 249.06 W, 36, 1100.00 W
1788083955938929332,0, GPU-0ff6ec41-3275-1f3d-41d8-8b17413a205a, P0, 2032 MHz, 3996 MHz, 249.09 W, 36, 1100.00 W
1788083956163959561,0, GPU-0ff6ec41-3275-1f3d-41d8-8b17413a205a, P0, 2032 MHz, 3996 MHz, 248.93 W, 36, 1100.00 W
1788083956390580620,0, GPU-0ff6ec41-3275-1f3d-41d8-8b17413a205a, P0, 2032 MHz, 3996 MHz, 248.94 W, 36, 1100.00 W
1788083956617284999,0, GPU-0ff6ec41-3275-1f3d-41d8-8b17413a205a, P0, 2032 MHz, 3996 MHz, 248.94 W, 36, 1100.00 W
1788083956842635276,0, GPU-0ff6ec41-3275-1f3d-41d8-8b17413a205a, P0, 2032 MHz, 3996 MHz, 248.90 W, 36, 1100.00 W
1788083957070754998,0, GPU-0ff6ec41-3275-1f3d-41d8-8b17413a205a, P0, 2032 MHz, 3996 MHz, 272.43 W, 38, 1100.00 W
1788083957299418237,0, GPU-0ff6ec41-3275-1f3d-41d8-8b17413a205a, P0, 2032 MHz, 3996 MHz, 301.79 W, 38, 1100.00 W
1788083957526164206,0, GPU-0ff6ec41-3275-1f3d-41d8-8b17413a205a, P0, 2032 MHz, 3996 MHz, 328.86 W, 38, 1100.00 W
1788083957755791321,0, GPU-0ff6ec41-3275-1f3d-41d8-8b17413a205a, P0, 2032 MHz, 3996 MHz, 359.31 W, 38, 1100.00 W
1788083957982902037,0, GPU-0ff6ec41-3275-1f3d-41d8-8b17413a205a, P0, 2032 MHz, 3996 MHz, 380.95 W, 39, 1100.00 W
1788083958208023984,0, GPU-0ff6ec41-3275-1f3d-41d8-8b17413a205a, P0, 2032 MHz, 3996 MHz, 378.85 W, 39, 1100.00 W
1788083958434647183,0, GPU-0ff6ec41-3275-1f3d-41d8-8b17413a205a, P0, 2032 MHz, 3996 MHz, 378.92 W, 39, 1100.00 W
1788083958661704689,0, GPU-0ff6ec41-3275-1f3d-41d8-8b17413a205a, P0, 2032 MHz, 3996 MHz, 378.84 W, 39, 1100.00 W
1788083958888362868,0, GPU-0ff6ec41-3275-1f3d-41d8-8b17413a205a, P0, 2032 MHz, 3996 MHz, 379.19 W, 39, 1100.00 W
1788083959116719698,0, GPU-0ff6ec41-3275-1f3d-41d8-8b17413a205a, P0, 2032 MHz, 3996 MHz, 379.16 W, 39, 1100.00 W
1788083959343608996,0, GPU-0ff6ec41-3275-1f3d-41d8-8b17413a205a, P0, 2032 MHz, 3996 MHz, 379.31 W, 39, 1100.00 W
1788083959569120850,0, GPU-0ff6ec41-3275-1f3d-41d8-8b17413a205a, P0, 2032 MHz, 3996 MHz, 380.16 W, 39, 1100.00 W
1788083959795090112,0, GPU-0ff6ec41-3275-1f3d-41d8-8b17413a205a, P0, 2032 MHz, 3996 MHz, 381.12 W, 39, 1100.00 W
1788083960020280647,0, GPU-0ff6ec41-3275-1f3d-41d8-8b17413a205a, P0, 2032 MHz, 3996 MHz, 381.03 W, 39, 1100.00 W
1788083960246346468,0, GPU-0ff6ec41-3275-1f3d-41d8-8b17413a205a, P0, 2032 MHz, 3996 MHz, 381.13 W, 39, 1100.00 W
1788083960471299665,0, GPU-0ff6ec41-3275-1f3d-41d8-8b17413a205a, P0, 2032 MHz, 3996 MHz, 381.69 W, 39, 1100.00 W
1788083960696321840,0, GPU-0ff6ec41-3275-1f3d-41d8-8b17413a205a, P0, 2032 MHz, 3996 MHz, 379.44 W, 39, 1100.00 W
1788083960922035014,0, GPU-0ff6ec41-3275-1f3d-41d8-8b17413a205a, P0, 2032 MHz, 3996 MHz, 379.17 W, 39, 1100.00 W
1788083961147893195,0, GPU-0ff6ec41-3275-1f3d-41d8-8b17413a205a, P0, 2032 MHz, 3996 MHz, 379.51 W, 39, 1100.00 W
1788083961373385009,0, GPU-0ff6ec41-3275-1f3d-41d8-8b17413a205a, P0, 2032 MHz, 3996 MHz, 379.52 W, 39, 1100.00 W
1788083961598628264,0, GPU-0ff6ec41-3275-1f3d-41d8-8b17413a205a, P0, 2032 MHz, 3996 MHz, 379.69 W, 39, 1100.00 W
1788083961825864338,0, GPU-0ff6ec41-3275-1f3d-41d8-8b17413a205a, P0, 2032 MHz, 3996 MHz, 379.50 W, 39, 1100.00 W
1788083962052175817,0, GPU-0ff6ec41-3275-1f3d-41d8-8b17413a205a, P0, 2032 MHz, 3996 MHz, 359.27 W, 38, 1100.00 W
1788083962280461206,0, GPU-0ff6ec41-3275-1f3d-41d8-8b17413a205a, P0, 2032 MHz, 3996 MHz, 330.24 W, 37, 1100.00 W
1788083962508331356,0, GPU-0ff6ec41-3275-1f3d-41d8-8b17413a205a, P0, 2032 MHz, 3996 MHz, 302.76 W, 37, 1100.00 W
1788083962733748669,0, GPU-0ff6ec41-3275-1f3d-41d8-8b17413a205a, P0, 2032 MHz, 3996 MHz, 269.53 W, 37, 1100.00 W
1788083962966448366,0, GPU-0ff6ec41-3275-1f3d-41d8-8b17413a205a, P0, 2032 MHz, 3996 MHz, 247.72 W, 37, 1100.00 W
